[
{
  "model": "admin.logentry",
  "pk": 1,
  "fields": {
    "action_time": "2024-09-05T09:04:42.530Z",
    "user": 1,
    "content_type": 7,
    "object_id": "1",
    "object_repr": "first topic",
    "action_flag": 1,
    "change_message": "[{\"added\": {}}]"
  }
},
{
  "model": "admin.logentry",
  "pk": 2,
  "fields": {
    "action_time": "2024-09-05T09:14:14.656Z",
    "user": 1,
    "content_type": 7,
    "object_id": "2",
    "object_repr": "second topic",
    "action_flag": 1,
    "change_message": "[{\"added\": {}}]"
  }
},
{
  "model": "admin.logentry",
  "pk": 3,
  "fields": {
    "action_time": "2024-09-05T09:17:01.390Z",
    "user": 1,
    "content_type": 4,
    "object_id": "2",
    "object_repr": "adem",
    "action_flag": 1,
    "change_message": "[{\"added\": {}}]"
  }
},
{
  "model": "admin.logentry",
  "pk": 4,
  "fields": {
    "action_time": "2024-09-05T14:40:32.634Z",
    "user": 1,
    "content_type": 7,
    "object_id": "1",
    "object_repr": "first topic",
    "action_flag": 2,
    "change_message": "[{\"changed\": {\"fields\": [\"Status\"]}}]"
  }
},
{
  "model": "admin.logentry",
  "pk": 5,
  "fields": {
    "action_time": "2024-09-05T14:40:56.522Z",
    "user": 1,
    "content_type": 7,
    "object_id": "3",
    "object_repr": "third post",
    "action_flag": 2,
    "change_message": "[{\"changed\": {\"fields\": [\"Title\", \"Status\"]}}]"
  }
},
{
  "model": "admin.logentry",
  "pk": 6,
  "fields": {
    "action_time": "2024-09-05T14:41:03.101Z",
    "user": 1,
    "content_type": 7,
    "object_id": "4",
    "object_repr": "fourth post",
    "action_flag": 2,
    "change_message": "[{\"changed\": {\"fields\": [\"Status\"]}}]"
  }
},
{
  "model": "admin.logentry",
  "pk": 7,
  "fields": {
    "action_time": "2024-09-05T14:41:15.914Z",
    "user": 1,
    "content_type": 7,
    "object_id": "6",
    "object_repr": "sixth post",
    "action_flag": 2,
    "change_message": "[{\"changed\": {\"fields\": [\"Status\"]}}]"
  }
},
{
  "model": "admin.logentry",
  "pk": 8,
  "fields": {
    "action_time": "2024-09-06T15:16:36.625Z",
    "user": 1,
    "content_type": 8,
    "object_id": "1",
    "object_repr": "comment by seud on sixth post",
    "action_flag": 1,
    "change_message": "[{\"added\": {}}]"
  }
},
{
  "model": "admin.logentry",
  "pk": 9,
  "fields": {
    "action_time": "2024-09-06T16:22:50.973Z",
    "user": 1,
    "content_type": 8,
    "object_id": "3",
    "object_repr": "comment by sham on fourth post",
    "action_flag": 2,
    "change_message": "[{\"changed\": {\"fields\": [\"Active\"]}}]"
  }
},
{
  "model": "admin.logentry",
  "pk": 10,
  "fields": {
    "action_time": "2024-09-07T14:10:07.883Z",
    "user": 1,
    "content_type": 9,
    "object_id": "3",
    "object_repr": "jazz",
    "action_flag": 2,
    "change_message": "[{\"added\": {\"name\": \"tagged item\", \"object\": \"second topic tagged with jazz\"}}, {\"added\": {\"name\": \"tagged item\", \"object\": \"third post tagged with jazz\"}}, {\"added\": {\"name\": \"tagged item\", \"object\": \"fourth post tagged with jazz\"}}]"
  }
},
{
  "model": "admin.logentry",
  "pk": 11,
  "fields": {
    "action_time": "2024-09-07T14:11:19.695Z",
    "user": 1,
    "content_type": 7,
    "object_id": "3",
    "object_repr": "third post",
    "action_flag": 2,
    "change_message": "[]"
  }
},
{
  "model": "admin.logentry",
  "pk": 12,
  "fields": {
    "action_time": "2024-09-07T14:11:26.092Z",
    "user": 1,
    "content_type": 7,
    "object_id": "4",
    "object_repr": "fourth post",
    "action_flag": 2,
    "change_message": "[]"
  }
},
{
  "model": "admin.logentry",
  "pk": 13,
  "fields": {
    "action_time": "2024-09-07T14:11:40.884Z",
    "user": 1,
    "content_type": 7,
    "object_id": "6",
    "object_repr": "sixth post",
    "action_flag": 2,
    "change_message": "[{\"changed\": {\"fields\": [\"Tags\"]}}]"
  }
},
{
  "model": "admin.logentry",
  "pk": 14,
  "fields": {
    "action_time": "2024-09-07T16:49:43.601Z",
    "user": 1,
    "content_type": 7,
    "object_id": "1",
    "object_repr": "first topic",
    "action_flag": 2,
    "change_message": "[{\"changed\": {\"fields\": [\"Tags\"]}}]"
  }
},
{
  "model": "admin.logentry",
  "pk": 15,
  "fields": {
    "action_time": "2024-09-07T16:51:31.434Z",
    "user": 1,
    "content_type": 7,
    "object_id": "2",
    "object_repr": "second topic",
    "action_flag": 2,
    "change_message": "[{\"changed\": {\"fields\": [\"Tags\"]}}]"
  }
},
{
  "model": "admin.logentry",
  "pk": 16,
  "fields": {
    "action_time": "2024-09-07T16:52:21.991Z",
    "user": 1,
    "content_type": 7,
    "object_id": "3",
    "object_repr": "third post",
    "action_flag": 2,
    "change_message": "[{\"changed\": {\"fields\": [\"Tags\"]}}]"
  }
},
{
  "model": "admin.logentry",
  "pk": 17,
  "fields": {
    "action_time": "2024-09-07T16:52:50.940Z",
    "user": 1,
    "content_type": 7,
    "object_id": "4",
    "object_repr": "fourth post",
    "action_flag": 2,
    "change_message": "[{\"changed\": {\"fields\": [\"Tags\"]}}]"
  }
},
{
  "model": "admin.logentry",
  "pk": 18,
  "fields": {
    "action_time": "2024-09-07T16:53:03.780Z",
    "user": 1,
    "content_type": 7,
    "object_id": "3",
    "object_repr": "third post",
    "action_flag": 2,
    "change_message": "[]"
  }
},
{
  "model": "admin.logentry",
  "pk": 19,
  "fields": {
    "action_time": "2024-09-07T16:53:51.410Z",
    "user": 1,
    "content_type": 7,
    "object_id": "6",
    "object_repr": "sixth post",
    "action_flag": 2,
    "change_message": "[{\"changed\": {\"fields\": [\"Tags\"]}}]"
  }
},
{
  "model": "admin.logentry",
  "pk": 20,
  "fields": {
    "action_time": "2024-09-07T16:55:44.469Z",
    "user": 1,
    "content_type": 7,
    "object_id": "6",
    "object_repr": "sixth post",
    "action_flag": 2,
    "change_message": "[{\"changed\": {\"fields\": [\"Tags\"]}}]"
  }
},
{
  "model": "admin.logentry",
  "pk": 21,
  "fields": {
    "action_time": "2024-09-10T08:08:41.997Z",
    "user": 1,
    "content_type": 7,
    "object_id": "7",
    "object_repr": "Markdown post",
    "action_flag": 1,
    "change_message": "[{\"added\": {}}]"
  }
},
{
  "model": "admin.logentry",
  "pk": 22,
  "fields": {
    "action_time": "2024-09-10T08:10:53.033Z",
    "user": 1,
    "content_type": 7,
    "object_id": "7",
    "object_repr": "Markdown post",
    "action_flag": 2,
    "change_message": "[{\"changed\": {\"fields\": [\"Body\"]}}]"
  }
},
{
  "model": "admin.logentry",
  "pk": 23,
  "fields": {
    "action_time": "2024-09-10T08:11:22.998Z",
    "user": 1,
    "content_type": 7,
    "object_id": "7",
    "object_repr": "Markdown post",
    "action_flag": 2,
    "change_message": "[{\"changed\": {\"fields\": [\"Body\"]}}]"
  }
},
{
  "model": "admin.logentry",
  "pk": 24,
  "fields": {
    "action_time": "2024-09-10T08:12:15.461Z",
    "user": 1,
    "content_type": 7,
    "object_id": "7",
    "object_repr": "Markdown post",
    "action_flag": 2,
    "change_message": "[{\"changed\": {\"fields\": [\"Body\"]}}]"
  }
},
{
  "model": "admin.logentry",
  "pk": 25,
  "fields": {
    "action_time": "2024-09-10T08:12:33.613Z",
    "user": 1,
    "content_type": 7,
    "object_id": "7",
    "object_repr": "Markdown post",
    "action_flag": 2,
    "change_message": "[{\"changed\": {\"fields\": [\"Body\"]}}]"
  }
},
{
  "model": "admin.logentry",
  "pk": 26,
  "fields": {
    "action_time": "2024-09-10T08:12:55.810Z",
    "user": 1,
    "content_type": 7,
    "object_id": "7",
    "object_repr": "Markdown post",
    "action_flag": 2,
    "change_message": "[]"
  }
},
{
  "model": "admin.logentry",
  "pk": 27,
  "fields": {
    "action_time": "2024-09-10T08:14:18.565Z",
    "user": 1,
    "content_type": 7,
    "object_id": "7",
    "object_repr": "Markdown post",
    "action_flag": 2,
    "change_message": "[{\"changed\": {\"fields\": [\"Body\"]}}]"
  }
},
{
  "model": "admin.logentry",
  "pk": 28,
  "fields": {
    "action_time": "2024-09-10T08:14:44.045Z",
    "user": 1,
    "content_type": 7,
    "object_id": "7",
    "object_repr": "Markdown post",
    "action_flag": 2,
    "change_message": "[{\"changed\": {\"fields\": [\"Body\"]}}]"
  }
},
{
  "model": "admin.logentry",
  "pk": 29,
  "fields": {
    "action_time": "2024-09-10T08:16:22.932Z",
    "user": 1,
    "content_type": 7,
    "object_id": "7",
    "object_repr": "Markdown post",
    "action_flag": 2,
    "change_message": "[{\"changed\": {\"fields\": [\"Body\"]}}]"
  }
},
{
  "model": "admin.logentry",
  "pk": 30,
  "fields": {
    "action_time": "2024-09-10T08:34:45.796Z",
    "user": 1,
    "content_type": 11,
    "object_id": "1",
    "object_repr": "localhost:8080",
    "action_flag": 2,
    "change_message": "[{\"changed\": {\"fields\": [\"Domain name\", \"Display name\"]}}]"
  }
},
{
  "model": "auth.permission",
  "pk": 1,
  "fields": {
    "name": "Can add log entry",
    "content_type": 1,
    "codename": "add_logentry"
  }
},
{
  "model": "auth.permission",
  "pk": 2,
  "fields": {
    "name": "Can change log entry",
    "content_type": 1,
    "codename": "change_logentry"
  }
},
{
  "model": "auth.permission",
  "pk": 3,
  "fields": {
    "name": "Can delete log entry",
    "content_type": 1,
    "codename": "delete_logentry"
  }
},
{
  "model": "auth.permission",
  "pk": 4,
  "fields": {
    "name": "Can view log entry",
    "content_type": 1,
    "codename": "view_logentry"
  }
},
{
  "model": "auth.permission",
  "pk": 5,
  "fields": {
    "name": "Can add permission",
    "content_type": 2,
    "codename": "add_permission"
  }
},
{
  "model": "auth.permission",
  "pk": 6,
  "fields": {
    "name": "Can change permission",
    "content_type": 2,
    "codename": "change_permission"
  }
},
{
  "model": "auth.permission",
  "pk": 7,
  "fields": {
    "name": "Can delete permission",
    "content_type": 2,
    "codename": "delete_permission"
  }
},
{
  "model": "auth.permission",
  "pk": 8,
  "fields": {
    "name": "Can view permission",
    "content_type": 2,
    "codename": "view_permission"
  }
},
{
  "model": "auth.permission",
  "pk": 9,
  "fields": {
    "name": "Can add group",
    "content_type": 3,
    "codename": "add_group"
  }
},
{
  "model": "auth.permission",
  "pk": 10,
  "fields": {
    "name": "Can change group",
    "content_type": 3,
    "codename": "change_group"
  }
},
{
  "model": "auth.permission",
  "pk": 11,
  "fields": {
    "name": "Can delete group",
    "content_type": 3,
    "codename": "delete_group"
  }
},
{
  "model": "auth.permission",
  "pk": 12,
  "fields": {
    "name": "Can view group",
    "content_type": 3,
    "codename": "view_group"
  }
},
{
  "model": "auth.permission",
  "pk": 13,
  "fields": {
    "name": "Can add user",
    "content_type": 4,
    "codename": "add_user"
  }
},
{
  "model": "auth.permission",
  "pk": 14,
  "fields": {
    "name": "Can change user",
    "content_type": 4,
    "codename": "change_user"
  }
},
{
  "model": "auth.permission",
  "pk": 15,
  "fields": {
    "name": "Can delete user",
    "content_type": 4,
    "codename": "delete_user"
  }
},
{
  "model": "auth.permission",
  "pk": 16,
  "fields": {
    "name": "Can view user",
    "content_type": 4,
    "codename": "view_user"
  }
},
{
  "model": "auth.permission",
  "pk": 17,
  "fields": {
    "name": "Can add content type",
    "content_type": 5,
    "codename": "add_contenttype"
  }
},
{
  "model": "auth.permission",
  "pk": 18,
  "fields": {
    "name": "Can change content type",
    "content_type": 5,
    "codename": "change_contenttype"
  }
},
{
  "model": "auth.permission",
  "pk": 19,
  "fields": {
    "name": "Can delete content type",
    "content_type": 5,
    "codename": "delete_contenttype"
  }
},
{
  "model": "auth.permission",
  "pk": 20,
  "fields": {
    "name": "Can view content type",
    "content_type": 5,
    "codename": "view_contenttype"
  }
},
{
  "model": "auth.permission",
  "pk": 21,
  "fields": {
    "name": "Can add session",
    "content_type": 6,
    "codename": "add_session"
  }
},
{
  "model": "auth.permission",
  "pk": 22,
  "fields": {
    "name": "Can change session",
    "content_type": 6,
    "codename": "change_session"
  }
},
{
  "model": "auth.permission",
  "pk": 23,
  "fields": {
    "name": "Can delete session",
    "content_type": 6,
    "codename": "delete_session"
  }
},
{
  "model": "auth.permission",
  "pk": 24,
  "fields": {
    "name": "Can view session",
    "content_type": 6,
    "codename": "view_session"
  }
},
{
  "model": "auth.permission",
  "pk": 25,
  "fields": {
    "name": "Can add post",
    "content_type": 7,
    "codename": "add_post"
  }
},
{
  "model": "auth.permission",
  "pk": 26,
  "fields": {
    "name": "Can change post",
    "content_type": 7,
    "codename": "change_post"
  }
},
{
  "model": "auth.permission",
  "pk": 27,
  "fields": {
    "name": "Can delete post",
    "content_type": 7,
    "codename": "delete_post"
  }
},
{
  "model": "auth.permission",
  "pk": 28,
  "fields": {
    "name": "Can view post",
    "content_type": 7,
    "codename": "view_post"
  }
},
{
  "model": "auth.permission",
  "pk": 29,
  "fields": {
    "name": "Can add comment",
    "content_type": 8,
    "codename": "add_comment"
  }
},
{
  "model": "auth.permission",
  "pk": 30,
  "fields": {
    "name": "Can change comment",
    "content_type": 8,
    "codename": "change_comment"
  }
},
{
  "model": "auth.permission",
  "pk": 31,
  "fields": {
    "name": "Can delete comment",
    "content_type": 8,
    "codename": "delete_comment"
  }
},
{
  "model": "auth.permission",
  "pk": 32,
  "fields": {
    "name": "Can view comment",
    "content_type": 8,
    "codename": "view_comment"
  }
},
{
  "model": "auth.permission",
  "pk": 33,
  "fields": {
    "name": "Can add tag",
    "content_type": 9,
    "codename": "add_tag"
  }
},
{
  "model": "auth.permission",
  "pk": 34,
  "fields": {
    "name": "Can change tag",
    "content_type": 9,
    "codename": "change_tag"
  }
},
{
  "model": "auth.permission",
  "pk": 35,
  "fields": {
    "name": "Can delete tag",
    "content_type": 9,
    "codename": "delete_tag"
  }
},
{
  "model": "auth.permission",
  "pk": 36,
  "fields": {
    "name": "Can view tag",
    "content_type": 9,
    "codename": "view_tag"
  }
},
{
  "model": "auth.permission",
  "pk": 37,
  "fields": {
    "name": "Can add tagged item",
    "content_type": 10,
    "codename": "add_taggeditem"
  }
},
{
  "model": "auth.permission",
  "pk": 38,
  "fields": {
    "name": "Can change tagged item",
    "content_type": 10,
    "codename": "change_taggeditem"
  }
},
{
  "model": "auth.permission",
  "pk": 39,
  "fields": {
    "name": "Can delete tagged item",
    "content_type": 10,
    "codename": "delete_taggeditem"
  }
},
{
  "model": "auth.permission",
  "pk": 40,
  "fields": {
    "name": "Can view tagged item",
    "content_type": 10,
    "codename": "view_taggeditem"
  }
},
{
  "model": "auth.permission",
  "pk": 41,
  "fields": {
    "name": "Can add site",
    "content_type": 11,
    "codename": "add_site"
  }
},
{
  "model": "auth.permission",
  "pk": 42,
  "fields": {
    "name": "Can change site",
    "content_type": 11,
    "codename": "change_site"
  }
},
{
  "model": "auth.permission",
  "pk": 43,
  "fields": {
    "name": "Can delete site",
    "content_type": 11,
    "codename": "delete_site"
  }
},
{
  "model": "auth.permission",
  "pk": 44,
  "fields": {
    "name": "Can view site",
    "content_type": 11,
    "codename": "view_site"
  }
},
{
  "model": "auth.user",
  "pk": 1,
  "fields": {
    "password": "pbkdf2_sha256$870000$RT546KGEliKUyI2s8Pp5X9$ugA2lL0KNeggZzXah6FhMCL/O6jejQ6nZ+LJNSRs8/c=",
    "last_login": "2024-09-05T08:58:42.362Z",
    "is_superuser": true,
    "username": "seud",
    "first_name": "",
    "last_name": "",
    "email": "seudsahm1@gmail.com",
    "is_staff": true,
    "is_active": true,
    "date_joined": "2024-09-05T08:56:55.938Z",
    "groups": [],
    "user_permissions": []
  }
},
{
  "model": "auth.user",
  "pk": 2,
  "fields": {
    "password": "pbkdf2_sha256$870000$U4yYMNcD8BhuWj6pJ3kPuY$Zv60pPkNcoGHaBngk1O9Ug5ASWY1rNAS5lYlpgdjsdk=",
    "last_login": null,
    "is_superuser": false,
    "username": "adem",
    "first_name": "",
    "last_name": "",
    "email": "",
    "is_staff": false,
    "is_active": true,
    "date_joined": "2024-09-05T09:17:00.787Z",
    "groups": [],
    "user_permissions": []
  }
},
{
  "model": "auth.user",
  "pk": 3,
  "fields": {
    "password": "",
    "last_login": null,
    "is_superuser": false,
    "username": "maruf",
    "first_name": "",
    "last_name": "",
    "email": "",
    "is_staff": false,
    "is_active": true,
    "date_joined": "2024-09-05T09:34:18.263Z",
    "groups": [],
    "user_permissions": []
  }
},
{
  "model": "contenttypes.contenttype",
  "pk": 1,
  "fields": {
    "app_label": "admin",
    "model": "logentry"
  }
},
{
  "model": "contenttypes.contenttype",
  "pk": 2,
  "fields": {
    "app_label": "auth",
    "model": "permission"
  }
},
{
  "model": "contenttypes.contenttype",
  "pk": 3,
  "fields": {
    "app_label": "auth",
    "model": "group"
  }
},
{
  "model": "contenttypes.contenttype",
  "pk": 4,
  "fields": {
    "app_label": "auth",
    "model": "user"
  }
},
{
  "model": "contenttypes.contenttype",
  "pk": 5,
  "fields": {
    "app_label": "contenttypes",
    "model": "contenttype"
  }
},
{
  "model": "contenttypes.contenttype",
  "pk": 6,
  "fields": {
    "app_label": "sessions",
    "model": "session"
  }
},
{
  "model": "contenttypes.contenttype",
  "pk": 7,
  "fields": {
    "app_label": "blog",
    "model": "post"
  }
},
{
  "model": "contenttypes.contenttype",
  "pk": 8,
  "fields": {
    "app_label": "blog",
    "model": "comment"
  }
},
{
  "model": "contenttypes.contenttype",
  "pk": 9,
  "fields": {
    "app_label": "taggit",
    "model": "tag"
  }
},
{
  "model": "contenttypes.contenttype",
  "pk": 10,
  "fields": {
    "app_label": "taggit",
    "model": "taggeditem"
  }
},
{
  "model": "contenttypes.contenttype",
  "pk": 11,
  "fields": {
    "app_label": "sites",
    "model": "site"
  }
},
{
  "model": "sessions.session",
  "pk": "yu4j8gcqyj2gsfs9oj8g1ubl6cqh0ayh",
  "fields": {
    "session_data": ".eJxVjEEOwiAQRe_C2hBgwFKX7nsGMsMMUjVtUtqV8e7apAvd_vfef6mE21rT1mRJI6uLsur0uxHmh0w74DtOt1nneVqXkfSu6IM2Pcwsz-vh_h1UbPVbe3QejUMBid5LgY48nDPZ0vfZAlCgDgKTidEzF0uZhR1wzwYouqDeH-0ZOFI:1sm8KA:cwxLsTJDDix-aReFX4NtVeTt49rGhEmNUk6eaEpngj8",
    "expire_date": "2024-09-19T08:58:42.794Z"
  }
},
{
  "model": "sites.site",
  "pk": 1,
  "fields": {
    "domain": "localhost:8080",
    "name": "localhost:8080"
  }
},
{
  "model": "taggit.tag",
  "pk": 1,
  "fields": {
    "name": "music",
    "slug": "music"
  }
},
{
  "model": "taggit.tag",
  "pk": 2,
  "fields": {
    "name": "django",
    "slug": "django"
  }
},
{
  "model": "taggit.tag",
  "pk": 3,
  "fields": {
    "name": "jazz",
    "slug": "jazz"
  }
},
{
  "model": "taggit.tag",
  "pk": 4,
  "fields": {
    "name": "web",
    "slug": "web"
  }
},
{
  "model": "taggit.tag",
  "pk": 5,
  "fields": {
    "name": "fullstack",
    "slug": "fullstack"
  }
},
{
  "model": "taggit.tag",
  "pk": 6,
  "fields": {
    "name": "python",
    "slug": "python"
  }
},
{
  "model": "taggit.tag",
  "pk": 7,
  "fields": {
    "name": "backend",
    "slug": "backend"
  }
},
{
  "model": "taggit.tag",
  "pk": 8,
  "fields": {
    "name": "cplusplus",
    "slug": "cplusplus"
  }
},
{
  "model": "taggit.tag",
  "pk": 9,
  "fields": {
    "name": "programming",
    "slug": "programming"
  }
},
{
  "model": "taggit.tag",
  "pk": 10,
  "fields": {
    "name": "javascript",
    "slug": "javascript"
  }
},
{
  "model": "taggit.tag",
  "pk": 11,
  "fields": {
    "name": "frontend",
    "slug": "frontend"
  }
},
{
  "model": "taggit.tag",
  "pk": 12,
  "fields": {
    "name": "css",
    "slug": "css"
  }
},
{
  "model": "taggit.tag",
  "pk": 13,
  "fields": {
    "name": "html",
    "slug": "html"
  }
},
{
  "model": "taggit.tag",
  "pk": 14,
  "fields": {
    "name": "react",
    "slug": "react"
  }
},
{
  "model": "taggit.tag",
  "pk": 15,
  "fields": {
    "name": "angular",
    "slug": "angular"
  }
},
{
  "model": "taggit.tag",
  "pk": 16,
  "fields": {
    "name": "database",
    "slug": "database"
  }
},
{
  "model": "taggit.tag",
  "pk": 17,
  "fields": {
    "name": "node",
    "slug": "node"
  }
},
{
  "model": "taggit.tag",
  "pk": 18,
  "fields": {
    "name": "markdown",
    "slug": "markdown"
  }
},
{
  "model": "taggit.taggeditem",
  "pk": 8,
  "fields": {
    "tag": 2,
    "content_type": 7,
    "object_id": 1
  }
},
{
  "model": "taggit.taggeditem",
  "pk": 9,
  "fields": {
    "tag": 4,
    "content_type": 7,
    "object_id": 1
  }
},
{
  "model": "taggit.taggeditem",
  "pk": 10,
  "fields": {
    "tag": 5,
    "content_type": 7,
    "object_id": 1
  }
},
{
  "model": "taggit.taggeditem",
  "pk": 11,
  "fields": {
    "tag": 6,
    "content_type": 7,
    "object_id": 1
  }
},
{
  "model": "taggit.taggeditem",
  "pk": 12,
  "fields": {
    "tag": 7,
    "content_type": 7,
    "object_id": 1
  }
},
{
  "model": "taggit.taggeditem",
  "pk": 13,
  "fields": {
    "tag": 8,
    "content_type": 7,
    "object_id": 2
  }
},
{
  "model": "taggit.taggeditem",
  "pk": 14,
  "fields": {
    "tag": 9,
    "content_type": 7,
    "object_id": 2
  }
},
{
  "model": "taggit.taggeditem",
  "pk": 15,
  "fields": {
    "tag": 10,
    "content_type": 7,
    "object_id": 2
  }
},
{
  "model": "taggit.taggeditem",
  "pk": 16,
  "fields": {
    "tag": 6,
    "content_type": 7,
    "object_id": 2
  }
},
{
  "model": "taggit.taggeditem",
  "pk": 17,
  "fields": {
    "tag": 4,
    "content_type": 7,
    "object_id": 3
  }
},
{
  "model": "taggit.taggeditem",
  "pk": 18,
  "fields": {
    "tag": 10,
    "content_type": 7,
    "object_id": 3
  }
},
{
  "model": "taggit.taggeditem",
  "pk": 19,
  "fields": {
    "tag": 11,
    "content_type": 7,
    "object_id": 3
  }
},
{
  "model": "taggit.taggeditem",
  "pk": 20,
  "fields": {
    "tag": 12,
    "content_type": 7,
    "object_id": 3
  }
},
{
  "model": "taggit.taggeditem",
  "pk": 21,
  "fields": {
    "tag": 13,
    "content_type": 7,
    "object_id": 3
  }
},
{
  "model": "taggit.taggeditem",
  "pk": 22,
  "fields": {
    "tag": 14,
    "content_type": 7,
    "object_id": 3
  }
},
{
  "model": "taggit.taggeditem",
  "pk": 23,
  "fields": {
    "tag": 2,
    "content_type": 7,
    "object_id": 4
  }
},
{
  "model": "taggit.taggeditem",
  "pk": 24,
  "fields": {
    "tag": 4,
    "content_type": 7,
    "object_id": 4
  }
},
{
  "model": "taggit.taggeditem",
  "pk": 25,
  "fields": {
    "tag": 5,
    "content_type": 7,
    "object_id": 4
  }
},
{
  "model": "taggit.taggeditem",
  "pk": 26,
  "fields": {
    "tag": 16,
    "content_type": 7,
    "object_id": 6
  }
},
{
  "model": "taggit.taggeditem",
  "pk": 27,
  "fields": {
    "tag": 17,
    "content_type": 7,
    "object_id": 6
  }
},
{
  "model": "taggit.taggeditem",
  "pk": 28,
  "fields": {
    "tag": 10,
    "content_type": 7,
    "object_id": 6
  }
},
{
  "model": "taggit.taggeditem",
  "pk": 29,
  "fields": {
    "tag": 15,
    "content_type": 7,
    "object_id": 6
  }
},
{
  "model": "taggit.taggeditem",
  "pk": 30,
  "fields": {
    "tag": 14,
    "content_type": 7,
    "object_id": 6
  }
},
{
  "model": "taggit.taggeditem",
  "pk": 31,
  "fields": {
    "tag": 18,
    "content_type": 7,
    "object_id": 7
  }
},
{
  "model": "blog.post",
  "pk": 1,
  "fields": {
    "title": "first topic",
    "slug": "first-topic",
    "author": 1,
    "body": "this is the first topic created by seud for testing",
    "publish": "2024-09-05T09:03:40Z",
    "created": "2024-09-05T09:04:42.450Z",
    "updated": "2024-09-07T16:49:43.577Z",
    "status": "PB"
  }
},
{
  "model": "blog.post",
  "pk": 2,
  "fields": {
    "title": "second topic",
    "slug": "second-topic",
    "author": 1,
    "body": "this is a second topic to check changes in slug and author",
    "publish": "2024-09-05T09:14:07Z",
    "created": "2024-09-05T09:14:14.654Z",
    "updated": "2024-09-07T16:51:31.418Z",
    "status": "PB"
  }
},
{
  "model": "blog.post",
  "pk": 3,
  "fields": {
    "title": "third post",
    "slug": "another-post",
    "author": 1,
    "body": "this is the third post from the shell",
    "publish": "2024-09-05T09:28:24Z",
    "created": "2024-09-05T09:28:41.807Z",
    "updated": "2024-09-07T16:53:03.774Z",
    "status": "PB"
  }
},
{
  "model": "blog.post",
  "pk": 4,
  "fields": {
    "title": "fourth post",
    "slug": "fourth-post",
    "author": 1,
    "body": "this is fourth post which is from the shell",
    "publish": "2024-09-05T09:32:31Z",
    "created": "2024-09-05T09:32:31.504Z",
    "updated": "2024-09-07T16:52:50.929Z",
    "status": "PB"
  }
},
{
  "model": "blog.post",
  "pk": 6,
  "fields": {
    "title": "sixth post",
    "slug": "sixth-post",
    "author": 2,
    "body": "this is a six post from adem after the fifth post by him is deleted",
    "publish": "2024-09-05T10:46:16Z",
    "created": "2024-09-05T10:46:16.650Z",
    "updated": "2024-09-07T16:55:44.465Z",
    "status": "PB"
  }
},
{
  "model": "blog.post",
  "pk": 7,
  "fields": {
    "title": "Markdown post",
    "slug": "markdown-post",
    "author": 1,
    "body": "This is a post formatted with markdown\r\n--------------------------------------\r\n*This is emphasized* and **this is more emphasized**.\r\nHere is a list:\r\n* One\r\n* Two\r\n* Three\r\nAnd a [link to the Django website](https://www.djangoproject.com/).",
    "publish": "2024-09-10T08:05:51Z",
    "created": "2024-09-10T08:08:41.678Z",
    "updated": "2024-09-10T08:16:22.928Z",
    "status": "PB"
  }
},
{
  "model": "blog.comment",
  "pk": 1,
  "fields": {
    "post": 6,
    "name": "seud",
    "email": "seudsahm1@gmail.com",
    "body": "i hate this post",
    "created": "2024-09-06T15:16:36.624Z",
    "updated": "2024-09-06T15:16:36.624Z",
    "active": true
  }
},
{
  "model": "blog.comment",
  "pk": 2,
  "fields": {
    "post": 4,
    "name": "seud",
    "email": "seudsahm1@gmail.com",
    "body": "what a post",
    "created": "2024-09-06T16:19:44.118Z",
    "updated": "2024-09-06T16:19:44.118Z",
    "active": true
  }
},
{
  "model": "blog.comment",
  "pk": 3,
  "fields": {
    "post": 4,
    "name": "sham",
    "email": "seudsahm2@gmail.com",
    "body": "wow amazing",
    "created": "2024-09-06T16:20:54.223Z",
    "updated": "2024-09-06T16:22:50.971Z",
    "active": false
  }
},
{
  "model": "blog.comment",
  "pk": 4,
  "fields": {
    "post": 4,
    "name": "seud",
    "email": "seud@gmail.com",
    "body": "this is awesome",
    "created": "2024-09-07T13:25:02.528Z",
    "updated": "2024-09-07T13:25:02.528Z",
    "active": true
  }
}
]
